x, y, z
166.732819, 442.625946, 22.198473
192.015274, 427.435120, 41.190838
213.480911, 409.740448, 70.595421
230.656494, 385.068695, 99.938934
242.167938, 358.106873, 129.496185
247.633591, 337.374054, 154.274811
249.648849, 311.267181, 176.717560
250.946564, 287.404572, 196.396942
251.938934, 256.534363, 211.541992
249.038162, 226.977097, 223.374039
243.648849, 186.809158, 231.145035
237.557251, 150.854965, 233.832062
230.809158, 129.282440, 234.641220
224.366409, 103.541985, 230.091599
219.587784, 77.343513, 223.480911
215.496185, 58.946564, 216.824432
210.534348, 36.778625, 208.198471
200.122131, 11.374045, 201.175568
182.748093, -16.076336, 195.938934
163.343506, -40.641220, 191.038162
146.687027, -60.961834, 185.725189
132.671753, -78.458015, 180.076340
120.320610, -91.145035, 173.358780
106.900764, -97.190842, 166.702286
91.389313, -100.992363, 160.702286
75.893127, -106.656487, 156.244278
52.229008, -119.847328, 153.251907
18.793894, -132.427475, 151.984726
-21.190840, -157.129776, 151.694656
-60.977100, -186.549622, 148.519089
-94.137405, -204.732819, 142.687027
-118.595421, -216.610687, 134.549622
-134.992371, -202.687027, 126.122139
-151.190842, -218.580154, 113.267174
-154.137405, -198.610687, 100.931297
-152.625961, -186.015274, 90.122139
-147.328247, -170.625961, 78.473282
-141.954193, -154.213745, 67.145035
-135.572525, -140.931305, 57.816795
-133.435120, -130.244278, 47.694656
-127.786263, -122.763359, 38.366413
-117.099236, -117.435112, 28.396946
-100.015266, -111.236641, 18.534351
-78.870232, -102.213737, 9.496183
-59.312977, -92.534348, 1.725191
-43.312977, -81.053436, -4.137404
-31.664122, -71.709923, -8.916031
-23.160305, -61.954197, -11.679389
-15.038168, -54.641220, -13.358779
-8.671756, -47.969467, -13.664123
-3.694656, -41.603054, -13.206107
0.778626, -36.717556, -12.152672
6.198473, -31.694656, -10.229008
11.419847, -28.229008, -8.412213
15.954199, -24.351145, -5.709924
19.282442, -21.480917, -2.885496
20.870230, -17.633587, 0.045802
22.229008, -14.427481, 2.580153
23.709923, -11.801527, 4.305344
25.404581, -9.114504, 5.557252
27.099237, -6.885496, 5.633588
28.458015, -3.877863, 5.664122
28.961832, -1.343511, 4.854962
28.458015, 1.526718, 4.122138
26.717558, 4.427481, 3.053435
25.603054, 6.824428, 1.022901
24.870230, 9.648855, -0.595420
23.511450, 12.213740, -2.946565
21.282442, 14.946565, -4.778626
18.229008, 17.312977, -6.488550
15.206107, 18.961832, -7.541985
11.877863, 20.000000, -8.534351
8.137404, 20.045801, -8.854961
4.229008, 19.267176, -8.671756
0.061069, 18.641222, -8.167939
-3.816794, 17.984734, -7.404580
-7.190840, 17.877863, -6.656488
-9.725191, 18.137405, -5.679389
-12.152672, 18.183207, -4.427481
-15.541985, 17.343512, -3.236641
-19.572519, 15.389313, -2.137405
-23.664122, 12.809160, -0.854962
-27.358778, 10.000000, -0.335878
-30.061069, 7.083970, -0.061069
-31.679390, 4.412214, -0.167939
-32.030533, 1.954198, 0.076336
-31.786259, -0.106870, 0.183206
-31.404581, -2.030534, 0.198473
-30.732824, -3.816794, 0.687023
-30.763359, -5.709924, 0.946565
-31.694656, -7.511450, 1.572519
-33.526718, -9.450381, 2.137405
-34.442749, -11.923664, 2.412214
-34.122139, -13.526717, 2.671756
-32.045803, -14.290076, 2.473282
-28.015266, -15.206107, 1.954198
-22.778625, -15.679389, 1.618321
-17.328245, -15.664123, 1.694656
-12.198473, -15.083969, 1.908397
-7.832061, -14.091603, 2.473282
-4.244275, -13.236641, 3.526718
-0.702290, -12.473283, 4.396946
2.885496, -12.320611, 5.496183
6.625954, -11.740458, 6.122138
10.396947, -10.793893, 6.717557
13.358779, -9.862596, 7.083970
15.572519, -8.839695, 7.526718
16.549618, -8.198473, 7.541985
16.244274, -7.618320, 8.030535
13.740458, -6.656488, 8.396947
10.213740, -6.503817, 8.732824
5.435114, -6.427481, 8.778625
-0.610687, -6.580153, 8.137404
-5.648855, -6.946565, 6.748092
-9.160305, -7.007634, 4.763359
-11.694656, -6.473282, 2.305344
-13.603053, -5.557252, -0.534351
-15.435115, -3.908397, -3.236641
-17.740458, -2.946565, -5.465649
-20.732824, -2.015267, -7.480916
-24.320610, -1.236641, -9.206107
-27.938931, -0.534351, -10.244275
-31.251909, -0.427481, -11.038168
-34.152672, -0.259542, -11.572519
-36.656490, -0.229008, -11.801527
-39.022900, -0.748092, -11.893129
-41.679390, -1.053435, -11.404580
-44.198475, -1.114504, -11.022901
-45.984734, -1.083969, -10.351145
-47.068703, -0.946565, -9.709924
-47.221375, -1.633588, -8.992367
-46.900764, -1.786260, -7.557252
-47.312977, -2.900763, -6.198473
-48.625954, -4.244275, -4.412214
-51.419846, -5.969466, -1.465649
-55.068703, -8.015267, 1.496183
-61.404579, -10.244275, 4.503817
-69.954201, -13.480916, 7.694656
-80.274811, -16.854961, 11.328244
-92.305344, -21.145039, 14.335877
-101.786263, -24.671755, 18.015266
-110.290077, -27.526718, 21.129770
-116.854965, -29.709923, 23.450382
-121.801529, -30.625954, 25.450382
-124.793892, -31.954199, 27.099237
-126.793892, -32.580154, 28.717558
-127.480919, -32.152672, 29.862595
-127.038170, -30.946566, 30.137405
-124.702293, -28.076336, 30.122137
-120.000000, -25.816793, 29.007633
-113.618324, -23.557251, 27.251909
-105.847328, -22.015266, 24.687023
-96.809158, -21.175573, 22.030535
-87.465652, -20.564886, 18.473282
-77.725189, -19.938931, 14.977099
-67.480919, -19.389313, 11.267176
-57.190838, -18.763359, 7.419847
-47.465649, -18.137405, 4.183206
-38.503819, -17.847328, 1.404580
-30.763359, -18.137405, -0.885496
-24.671755, -18.748091, -2.473282
-20.152672, -19.129770, -3.496183
-14.656488, -22.152672, -3.969466
-10.946565, -23.053434, -3.694656
-7.526718, -24.458015, -3.816794
-4.351145, -25.267176, -3.297710
-0.977099, -26.076336, -2.442748
3.053435, -25.068703, -1.374046
6.610687, -23.603054, -0.320611
9.603053, -21.114504, 0.931298
11.694656, -18.198473, 2.351145
12.381680, -15.954199, 3.938931
12.061069, -13.251908, 5.328244
11.358779, -10.427481, 6.427481
10.396947, -7.847328, 7.297710
9.450381, -4.732824, 7.389313
9.145039, -1.572519, 7.343512
9.175572, 1.404580, 6.977099
9.404580, 4.564886, 6.534351
9.404580, 7.496183, 5.923664
8.839695, 9.938931, 5.206107
7.770992, 11.541985, 4.687023
6.564886, 12.854961, 3.572519
5.267176, 13.740458, 2.549618
4.274809, 14.290076, 1.190840
3.633588, 14.351145, -0.305344
3.679389, 13.938931, -1.740458
4.519084, 13.908397, -3.358779
5.755725, 14.045801, -4.610687
6.854962, 14.137404, -5.603054
7.419847, 14.045801, -6.000000
7.511450, 13.297709, -5.755725
9.145039, 14.671756, -4.839694
6.335878, 10.122137, -3.053435
5.709924, 9.038168, -1.343511
5.099236, 8.854961, -0.045802
4.870229, 7.877862, 1.236641
4.870229, 7.145038, 2.366412
5.297710, 6.442748, 2.824427
5.923664, 5.328244, 3.480916
5.770992, 4.122138, 4.045802
5.145038, 2.320611, 4.442748
3.664122, 1.038168, 4.702290
2.809160, -0.167939, 4.702290
2.290076, -1.496183, 4.610687
1.770992, -2.809160, 4.122138
1.862595, -4.091603, 3.465649
2.137405, -4.946565, 2.793893
1.801527, -5.862596, 2.061069
1.541985, -7.022901, 1.603053
1.496183, -7.114504, 1.053435
1.312977, -7.435114, 0.793893
1.267176, -6.717557, 0.656489
1.022901, -6.809160, 0.763359
0.412214, -7.038168, 1.068702
-0.198473, -7.129771, 1.129771
-0.870229, -7.236641, 1.694656
-1.190840, -6.961832, 1.984733
-1.297710, -6.335878, 2.030534
-0.931298, -5.145038, 2.061069
-0.473282, -3.862595, 1.832061
-0.045802, -2.045802, 1.954198
0.167939, -0.534351, 1.755725
0.656489, 0.213740, 1.801527
1.190840, 1.099237, 2.137405
1.603053, 1.389313, 2.137405
1.893130, 1.938931, 1.969466
1.923664, 1.923664, 1.969466
2.000000, 1.938931, 1.557252
1.969466, 2.412214, 1.083969
2.396947, 2.656489, 0.549618
2.748092, 3.022901, 0.137405
3.511450, 2.687023, -0.351145
4.106870, 2.916031, -0.458015
4.519084, 2.458015, -0.320611
4.396946, 1.938931, -0.366412
4.442748, 1.511450, -0.427481
4.335878, 0.793893, -0.351145
4.687023, 0.198473, -0.320611
5.114504, -0.595420, -0.412214
5.450382, -1.557252, -0.488550
5.648855, -2.015267, -0.305344
5.404580, -2.870229, -0.183206
5.114504, -3.740458, -0.213740
5.267176, -4.916030, -0.091603
5.404580, -6.030534, -0.213740
5.145038, -6.549618, -0.381679
5.114504, -6.320611, -0.351145
4.992366, -5.679389, -0.458015
4.946565, -5.465649, -0.839695
4.534351, -6.763359, -1.007634
3.908397, -9.190840, -1.099237
2.977099, -13.465649, -1.419847
2.015267, -17.832062, -1.526718
1.114504, -22.412214, -2.122137
0.152672, -26.992367, -2.656489
-0.564885, -31.526718, -3.190840
-0.961832, -35.709923, -3.572519
-1.297710, -40.412212, -3.954198
-1.511450, -44.061069, -3.923664
-2.488550, -46.213741, -3.587786
-4.595420, -46.549618, -2.931298
-7.557252, -44.335876, -2.030534
-10.549619, -39.984734, -1.404580
-12.992367, -34.137405, -1.419847
-14.854961, -29.022902, -1.709924
-13.893129, -22.854961, -3.587786
-12.167939, -16.610687, -5.969466
-9.343512, -9.603053, -8.687023
-6.061069, -1.343511, -10.839695
-2.870229, 7.893130, -13.129771
-0.122137, 17.206106, -14.931297
2.122137, 25.893129, -16.519083
4.106870, 32.580154, -17.908398
6.229008, 37.938931, -19.083969
8.259542, 42.030533, -20.061069
10.122137, 45.053436, -20.839695
12.259542, 46.961834, -21.160305
14.625955, 47.740459, -20.748091
16.931297, 46.610687, -19.450382
18.412214, 44.656490, -17.221375
20.167938, 41.374046, -14.824428
20.793894, 38.320610, -12.045801
20.900763, 36.396946, -9.206107
22.564886, 32.473282, -5.679389
22.717558, 30.106871, -2.183206
1.526718, 31.511450, -11.709924
18.839695, -98.961830, 11.145039
-17.221375, -128.595413, -8.946565
-15.801527, -68.992363, -10.717557
-7.709924, -62.473282, 9.725191
-31.435114, 3.251908, -0.213740
58.106869, 45.068703, -26.015266
-1.786260, 39.694656, -7.847328
-14.564885, -19.725191, 4.030534
-2.137405, -4.488550, 7.938931
1.648855, 12.946565, -1.877863
2.503817, 8.000000, -0.274809
11.664123, -21.770992, -7.587786
25.297710, -11.816793, -0.656489
-9.603053, 0.030534, -10.610687
-0.992366, 2.503817, -5.297710
7.129771, -1.786260, -12.564885
-8.885496, 3.022901, -11.969465
-1.038168, -3.145038, -15.755725
0.167939, -1.435115, -12.229008
-3.022901, 0.946565, -9.251908
1.877863, -2.442748, -9.404580
-2.213740, 2.748092, -3.587786
1.175573, -1.465649, -1.374046
1.648855, -0.549618, 1.175573
-2.595420, -0.625954, -1.114504
-2.503817, -0.595420, -0.641221
1.328244, -1.022901, -0.274809
-4.641222, 0.916031, -2.641221
5.206107, 2.244275, 4.885496
-12.900764, -4.458015, -2.977099
18.229008, -3.221374, 7.251908
-9.053435, 0.702290, -1.786260
-3.465649, -0.854962, -1.557252
4.977099, -0.625954, 2.748092
-3.740458, 1.038168, -1.923664
2.809160, -0.061069, 0.885496
-1.328244, -1.175573, -0.473282
0.610687, 1.328244, -0.290076
-0.167939, 0.015267, 0.000000
0.717557, -0.748092, 0.045802
-0.687023, 0.763359, -0.473282
1.206107, 0.305344, 0.305344
-0.824427, -1.007634, -0.091603
0.213740, 0.900763, -0.122137
-0.366412, -0.198473, 0.030534
0.198473, -0.809160, -0.015267
-0.931298, 0.152672, 0.351145
0.076336, 0.534351, -0.320611
-0.106870, -1.221374, 0.198473
-0.213740, 0.274809, -0.030534
0.335878, 0.641221, 0.045802
0.259542, -0.656489, 0.076336
0.122137, 0.473282, -0.274809
-0.091603, 0.519084, 0.015267
0.366412, -0.824427, 0.061069
-0.366412, 0.335878, 0.183206
0.045802, 0.671756, -0.030534
-0.274809, -0.885496, 0.091603
0.167939, -0.152672, 0.106870
-0.305344, 0.687023, 0.167939
0.030534, -0.244275, -0.076336
-0.183206, -0.595420, 0.076336
-0.106870, 0.900763, -0.122137
0.091603, -0.473282, -0.091603
-0.259542, -0.488550, -0.137405
0.167939, 0.809160, -0.045802
-0.045802, -0.152672, 0.076336
-0.030534, -0.610687, -0.076336
-0.122137, 0.564885, 0.106870
0.137405, 0.167939, -0.015267
-0.061069, -0.763359, 0.259542
0.030534, 0.305344, -0.015267
0.045802, 0.351145, -0.076336
-0.106870, -0.717557, -0.137405
-0.015267, 0.427481, -0.045802
0.091603, 0.244275, 0.229008
0.076336, -0.625954, -0.015267
0.091603, 0.213740, -0.198473
0.030534, 0.488550, -0.076336
-0.015267, -0.549618, -0.152672
-0.106870, -0.045802, -0.015267
-0.106870, 0.534351, -0.045802
0.091603, -0.503817, 0.000000
-0.015267, 0.106870, 0.091603
0.000000, 0.625954, -0.106870
0.061069, -0.473282, 0.167939
-0.076336, -0.366412, -0.076336
0.061069, 0.610687, 0.076336
0.045802, -0.259542, 0.030534
-0.076336, -0.473282, -0.091603
0.045802, 0.503817, 0.091603
0.061069, -0.137405, -0.137405
0.000000, -0.305344, -0.061069
0.091603, 0.748092, 0.167939
-0.061069, -0.030534, -0.030534
-0.061069, -0.549618, -0.061069
-0.061069, 0.503817, -0.015267
-0.122137, 0.167939, -0.122137
-0.091603, -0.564885, 0.061069
-0.167939, 0.305344, -0.122137
-0.106870, 0.122137, -0.122137
-0.061069, -0.519084, -0.030534
-0.030534, 0.244275, -0.076336
-0.076336, 0.335878, -0.015267
-0.045802, -0.625954, -0.076336
0.030534, 0.106870, 0.045802
0.122137, 0.519084, 0.000000
-0.152672, -0.488550, 0.137405
0.000000, 0.152672, 0.045802
-0.015267, 0.656489, -0.076336
0.015267, -0.305344, -0.122137
0.000000, -0.259542, -0.015267
0.122137, 0.488550, 0.076336
-0.015267, -0.290076, -0.061069
-0.167939, -0.229008, 0.122137
0.000000, 0.519084, 0.076336
0.091603, -0.305344, -0.061069
-0.091603, -0.381679, 0.122137
-0.045802, 0.244275, -0.061069
-0.045802, -0.122137, 0.045802
-0.061069, -0.167939, 0.122137
0.076336, 0.381679, 0.091603
-0.091603, 0.015267, 0.061069
-0.122137, -0.412214, 0.000000
0.137405, 0.229008, -0.061069
0.854962, -0.137405, -0.137405
0.793893, 0.396947, -0.152672
-0.091603, -0.061069, -0.473282
0.137405, -0.061069, 0.030534
-0.076336, -2.610687, 0.290076
0.015267, 1.618321, -0.274809
0.564885, -0.229008, 0.366412
-0.412214, -2.366412, -0.183206
-0.229008, 1.099237, -0.229008
-0.595420, -0.274809, 0.198473
0.244275, -0.458015, -0.717557
-0.595420, -1.236641, 0.809160
0.122137, 0.824427, -0.458015
0.229008, -0.580153, -0.030534
-0.610687, -1.969466, 0.351145
1.206107, -1.480916, -0.366412
-0.488550, -2.045802, -1.404580
2.854962, -0.244275, 0.839695
2.641221, -0.427481, -0.045802
2.396947, 0.687023, -1.007634
5.877862, -1.816794, -2.442748
2.106870, 0.442748, -2.290076
0.061069, -0.503817, -1.557252
2.366412, -1.404580, -0.809160
3.633588, -0.748092, 1.114504
6.870229, 0.702290, 2.396947
16.274809, -2.534351, 6.412214
27.343512, -2.427481, 11.221375
36.549618, -2.213740, 14.793893
51.435116, -4.717557, 15.923664
72.809158, 0.778626, 18.549618
102.061066, -1.847328, 16.961832
135.694656, 2.381679, 16.946566
169.221375, 5.511450, 15.832061
203.618317, 10.824428, 16.473282
235.358780, 23.190840, 18.702290
265.511444, 33.343510, 20.488550
297.511444, 48.458015, 22.045801
327.694672, 57.908398, 21.908398
355.297699, 65.770996, 21.251909
379.389313, 70.335876, 20.274809
396.763367, 73.236641, 19.129770
410.320618, 78.442749, 18.687023
415.755737, 78.198471, 18.091602
419.923676, 80.809158, 16.549618
422.198486, 81.557251, 12.244275
430.458008, 85.847328, 3.175573
439.587799, 93.587784, -8.045801
445.022888, 96.992363, -20.564886
450.946564, 93.175575, -36.488548
442.763367, 88.427483, -49.557251
426.442749, 82.167938, -60.152672
402.610687, 77.465652, -74.885498
385.435120, 69.404579, -87.618324
363.694672, 62.610687, -101.541985
338.564880, 51.236641, -114.122139
305.007629, 44.366413, -128.503815
263.145050, 28.259542, -128.687027
219.358780, 13.435115, -132.229004
176.931305, 0.824427, -135.770996
141.786255, -12.824428, -137.435120
101.312981, -25.221375, -136.595413
63.618320, -34.717556, -133.725189
18.381680, -49.297710, -127.938934
-28.351145, -48.458015, -118.931297
-86.687019, -55.908398, -102.061066
-142.015274, -51.832062, -86.519081
-200.335876, -54.671757, -70.198471
-248.458008, -59.832062, -49.770992
-303.755737, -62.473282, -42.412212
-350.809174, -68.503815, -32.366413
-396.488556, -78.687019, -25.083969
-441.129761, -90.351143, -16.259542
-479.679382, -103.526718, -5.679389
-500.274811, -119.984734, 3.526718
-500.274811, -123.938934, 1.190840
-500.274811, -152.412216, 4.152672
-500.274811, -172.167938, 7.236641
-500.274811, -192.442749, 9.725191
-500.274811, -205.083969, 21.343512
-500.274811, -158.488556, 22.992367
-500.274811, -239.847336, 14.534351
-500.274811, -255.694656, 23.938931
-500.274811, -275.175568, 31.221375
-500.274811, -292.320618, 40.595421
-500.274811, -298.671753, 48.625954
-500.274811, -302.992371, 57.511452
-500.274811, -302.671753, 67.389313
-500.274811, -299.526703, 76.000000
-481.648865, -288.763367, 85.679390
-464.946564, -272.366425, 95.557251
-442.503815, -248.839691, 103.358780
-412.244263, -213.633591, 110.351143
-376.229004, -179.312973, 116.671753
-343.679382, -137.603058, 119.572517
-313.145050, -95.419846, 119.496185
-280.977112, -53.770992, 119.129768
-245.358780, -14.931297, 118.625954
-212.076340, 20.152672, 116.198471
-181.236649, 57.664124, 118.259544
-157.664124, 93.587784, 123.862595
-144.839691, 131.435120, 129.297714
-139.267181, 164.580154, 135.190842
-134.870224, 193.770996, 139.603058
-126.961830, 215.526718, 140.732819
-118.580154, 233.557251, 140.351151
-109.862595, 250.305344, 139.893127
-105.297707, 269.145050, 139.053436
-100.274811, 291.557251, 138.748093
-90.763359, 314.122131, 137.114502
-71.816795, 337.679382, 133.908401
-50.320610, 360.198486, 129.389313
-30.061069, 379.709930, 126.473282
-13.267176, 395.664124, 127.664124
5.679389, 408.473297, 132.763351
23.709923, 419.175568, 142.549622
42.854961, 427.938934, 153.603058
65.007637, 431.633575, 166.290070
87.450378, 426.229004, 175.938934
108.564888, 411.312988, 185.358780
128.351151, 396.580139, 193.328247
144.458008, 368.442749, 198.305344
164.045807, 311.465637, 201.923660
182.335876, 304.946564, 211.297714
195.297714, 268.625946, 221.770996
210.732819, 239.816788, 236.305344
232.396942, 227.725189, 254.351151
256.519073, 201.251907, 272.748077
282.824432, 189.419846, 294.137390
305.648865, 174.961838, 316.916016
324.061066, 157.236649, 341.404572
336.366425, 135.633591, 362.458008
344.946564, 121.328247, 382.488556
351.099243, 89.358780, 396.580139
360.534363, 66.732826, 403.374054
366.687012, 36.259541, 406.931305
371.221375, 11.038168, 408.473297
371.297699, -14.564885, 408.091614
365.923676, -39.847328, 407.083984
355.068695, -60.656490, 404.580139
340.534363, -83.221375, 398.656494
325.007629, -104.122139, 389.419861
307.297699, -132.946564, 376.335876
283.603058, -157.450378, 361.755737
252.595413, -188.671753, 343.175568
213.786255, -216.167938, 322.290070
169.923660, -238.213745, 298.534363
125.496185, -260.045807, 273.389313
84.458015, -281.893127, 247.221375
46.106869, -296.458008, 226.931305
9.175572, -307.175568, 213.374039
-31.404581, -309.328247, 203.709930
-81.465652, -316.213745, 199.236649
-136.458008, -336.580139, 197.175568
-188.244278, -360.366425, 195.862595
-229.923660, -373.389313, 192.030533
-257.770996, -383.129761, 186.854965
-269.557251, -386.213745, 172.763351
-295.175568, -374.809174, 156.030533
-276.885498, -385.267181, 161.648849
-258.030548, -397.145050, 152.900757
-245.267181, -407.160309, 149.679382
-236.045807, -413.160309, 154.244278
-226.473282, -413.480927, 162.122131
-223.145035, -401.419861, 173.236649
-220.335876, -384.534363, 186.427475
-221.267181, -358.778625, 201.129776
-228.000000, -335.618317, 216.992371
-235.358780, -314.763367, 232.244278
-247.038162, -293.648865, 244.183212
-260.351135, -272.381683, 253.312973
-270.519073, -241.465652, 252.992371
-278.809174, -207.908401, 248.702286
-281.404572, -166.534348, 238.839691
-275.343506, -123.770996, 222.000000
-258.580139, -77.877861, 199.847336
-234.076340, -34.412212, 176.076340
-202.091599, 6.534351, 151.267181
-167.664124, 41.358780, 128.946564
-136.687027, 77.221375, 109.572517
-117.801529, 100.458015, 95.587784
-107.755722, 127.954201, 93.541985
-104.763359, 149.389313, 93.221375
-117.664124, 173.862595, 98.152672
-135.129776, 193.343506, 105.664124
-147.465652, 206.870224, 112.641220
-156.519089, 210.305344, 115.893127
-159.801529, 201.328247, 112.931297
-161.572525, 184.854965, 105.984734
-164.290070, 164.000000, 94.534348
-164.610687, 142.580154, 80.641220
-163.603058, 126.702293, 65.557251
-159.404587, 116.702293, 49.541985
-152.442749, 114.167938, 31.358778
-144.854965, 110.824425, 16.274809
-135.068695, 106.732826, 4.137404
-121.236641, 103.526718, -8.381680
-112.931297, 101.282440, -8.503817
-104.000000, 96.473282, -26.351145
-100.366409, 94.778625, -30.427481
-103.664124, 98.503815, -30.931297
-111.206108, 106.335876, -27.893129
-117.083969, 111.557251, -21.603054
-116.244278, 120.045799, -15.145039
-103.511452, 123.541985, -6.641222
-79.832062, 125.221375, -1.145038
-43.145039, 122.809158, 6.732824
-2.076336, 124.152672, 9.312977
45.175571, 126.351143, 10.778625
99.694656, 132.274811, 13.893129
162.916031, 135.725189, 15.480916
238.259537, 138.015274, 16.198473
321.129761, 137.435120, 16.213741
405.038177, 134.427475, 16.442749
488.259552, 129.374039, 18.534351
500.259552, 120.564888, 22.412214
500.259552, 108.625954, 28.885496
500.259552, 94.091606, 37.297710
500.259552, 76.442749, 46.366413
500.259552, 58.641220, 57.068703
500.259552, 40.412212, 67.206108
500.259552, 22.839695, 77.954201
500.259552, 2.030534, 88.931297
500.259552, -19.267176, 98.366409
500.259552, -36.183205, 108.061066
500.259552, -54.244274, 113.923668
500.259552, -68.641220, 117.236641
489.679382, -80.381676, 116.381676
419.572510, -88.961830, 115.557251
353.435120, -93.603050, 103.297707
275.740448, -95.862595, 100.595421
207.206100, -92.137405, 82.473282
136.839691, -87.404579, 68.351143
65.022903, -79.877861, 50.641220
-3.709924, -71.297707, 30.442749
-69.755722, -64.473282, 8.580153
-131.969467, -60.061069, -14.122137
-185.480911, -56.213741, -35.801525
-230.274811, -53.099236, -56.091602
-268.625946, -51.419846, -74.519081
-300.488556, -50.549618, -88.122139
-332.595428, -50.488548, -96.320610
-368.106873, -51.709923, -99.496185
-408.458008, -55.969467, -98.335876
-452.564880, -62.274811, -93.465652
-500.274811, -69.694656, -86.381676
-500.274811, -79.725189, -78.290077
-500.274811, -90.977097, -68.381676
-500.274811, -101.038170, -54.778625
-500.274811, -112.732826, -42.671757
-500.274811, -117.435112, -28.137405
-500.274811, -126.854965, -17.160305
-500.274811, -137.603058, -4.458015
-500.274811, -146.671753, 7.328244
-500.274811, -153.557251, 19.603054
-500.274811, -158.992371, 32.061069
-500.274811, -160.763351, 44.977100
-500.274811, -154.977097, 56.748093
-500.274811, -147.587784, 65.343513
-448.015259, -138.152664, 72.519081
-397.938934, -121.068703, 68.625954
-337.007629, -107.847328, 76.809158
-273.877869, -78.091606, 77.557251
-210.412216, -49.297710, 80.000000
-165.832062, 5.328244, 89.954201
-115.450378, 57.328243, 100.076332
-65.511452, 113.541985, 111.938934
-19.282442, 168.778625, 126.366409
24.717558, 216.534348, 140.732819
58.519085, 267.206116, 156.992371
89.175575, 303.511444, 171.343506
119.083969, 336.137390, 182.885498
150.122131, 364.748077, 192.809158
184.167938, 383.664124, 200.229004
215.007629, 406.458008, 212.809158
252.091599, 409.908386, 214.824432
284.366425, 414.854950, 221.603058
313.893127, 415.557251, 229.694656
345.007629, 402.748077, 237.541992
364.977112, 388.916016, 248.900757
375.801514, 367.557251, 262.473297
375.282440, 351.374054, 279.648865
373.404572, 330.488556, 297.740448
372.610687, 316.381683, 318.458008
369.908386, 301.175568, 342.381683
363.068695, 287.694672, 364.167938
349.770996, 275.389313, 383.572510
330.610687, 263.770996, 398.473297
309.206116, 247.343506, 407.801514
292.091614, 227.358780, 410.381683
278.396942, 209.465652, 401.694672
267.801514, 187.969467, 388.396942
259.893127, 168.152664, 367.770996
255.648849, 155.480911, 342.106873
249.419846, 140.061066, 311.221375
236.290070, 128.167938, 283.587799
216.030533, 116.732826, 254.274811
191.496185, 108.564888, 224.290070
161.618317, 95.938934, 194.290070
129.282440, 83.893127, 165.511444
95.465652, 71.648857, 138.076340
64.549622, 63.496181, 111.114502
37.297710, 51.114502, 86.396950
10.870229, 34.992367, 65.145035
-15.618320, 15.328244, 45.526718
-41.465649, -12.351145, 28.656488
-65.648857, -51.648853, 13.480916
-92.763359, -84.106873, -1.908397
-121.374046, -126.549622, -16.610687
-150.412216, -170.549622, -31.679390
-178.671753, -211.984726, -45.557251
-203.404587, -247.160309, -57.893131
-223.755722, -283.251923, -68.778625
-239.816788, -313.984741, -77.465652
-257.007629, -336.320618, -84.610687
-278.839691, -330.122131, -91.358780
-304.030548, -379.007629, -100.045799
-324.244263, -394.000000, -105.374046
-347.358765, -420.824432, -108.580154
-365.572510, -424.137390, -110.793892
-377.801514, -431.236633, -109.480919
-379.297699, -410.687012, -111.801529
-358.839691, -409.877869, -111.160309
-334.534363, -417.847321, -111.267174
-312.183197, -434.030548, -109.541985
-290.229004, -450.580139, -105.541985
-273.038177, -464.809174, -100.778625
-255.770996, -465.083984, -92.076332
-234.229004, -462.473297, -80.671753
-210.229004, -453.450378, -72.091606
-174.809158, -448.458008, -64.030533
-133.389313, -442.534363, -54.274811
-89.038170, -432.183197, -42.015266
-52.442749, -420.183197, -28.717558
-23.496183, -394.534363, -13.862596
0.030534, -365.480927, -1.893130
23.541985, -323.648865, 20.748091
44.870228, -282.687012, 36.488548
64.198471, -237.954193, 51.526718
79.954201, -193.709930, 59.129772
86.931297, -145.923660, 67.908394
90.717560, -95.053436, 83.587784
87.480919, -37.572517, 92.488548
82.091606, 25.099237, 90.610687
79.236641, 77.068703, 82.885498
73.770996, 123.770996, 73.770996
69.129768, 165.328247, 59.190838
61.160305, 202.824432, 40.671757
50.687023, 238.274811, 17.694656
43.969467, 266.183197, -10.259542
43.114502, 289.709930, -40.290077
50.931297, 301.038177, -70.671753
55.160305, 315.618317, -99.206108
60.534351, 333.923676, -125.496185
64.076332, 354.030548, -148.717560
68.061066, 377.099243, -166.580154
71.618324, 402.763367, -179.007629
76.931297, 429.969452, -181.801529
84.900764, 457.816803, -179.419846
85.435112, 491.587799, -170.900757
85.175575, 500.259552, -157.358780
76.412216, 500.259552, -137.114502
60.519085, 500.259552, -115.160309
34.610687, 500.259552, -95.618324
-4.931298, 500.259552, -76.183205
-44.045803, 500.259552, -55.923664
-66.427483, 481.587799, -46.900764
-80.244278, 445.725189, -41.175571
-90.961830, 413.709930, -37.419846
-106.702293, 377.587799, -33.206108
-123.969467, 347.389313, -30.549618
-137.801529, 312.839691, -26.717558
-144.366409, 278.687012, -26.442749
-144.137405, 252.503815, -29.206106
-140.290070, 213.099243, -33.770992
-131.389313, 175.877869, -40.458015
-119.343513, 147.786255, -47.358780
-105.557251, 97.984734, -57.343510
-93.343513, 48.916031, -66.580154
-79.541985, 15.541985, -74.213737
-68.793892, -45.251907, -81.893127
-55.374046, -110.167938, -88.748093
-36.519085, -144.793900, -95.404579
-25.328245, -203.221375, -100.076332
-15.389313, -235.587784, -103.923668
-10.717557, -269.694672, -105.007637
-8.885496, -297.465637, -104.458015
-6.717557, -315.862610, -101.267174
-4.916030, -340.702301, -98.259544
2.564885, -339.923676, -94.030533
9.908397, -358.122131, -87.893127
14.854961, -364.641235, -81.816795
26.778625, -373.740448, -72.656487
40.503819, -379.175568, -63.328243
54.534351, -385.175568, -54.396946
68.916031, -386.473297, -43.587788
83.893127, -381.251923, -30.198473
103.267174, -372.916016, -14.366412
129.664124, -374.458008, -4.030534
150.748093, -381.083984, 11.145039
170.671753, -390.442749, 27.435114
186.381683, -399.358765, 43.877861
199.832062, -394.458008, 57.389313
213.847336, -378.030548, 69.557251
228.870224, -350.595428, 78.854965
243.786255, -312.503815, 84.381676
259.022888, -271.190826, 87.633591
273.664124, -228.625961, 88.000000
282.305328, -191.328247, 85.847328
284.854950, -161.755722, 81.083969
280.839691, -134.916031, 74.396950
273.007629, -110.748093, 64.351143
265.099243, -80.351143, 51.740459
260.534363, -46.931297, 34.549618
258.519073, -10.793893, 15.083969
255.969467, 24.076336, -4.900764
248.610687, 54.106869, -21.175573
234.595413, 77.129768, -36.778625
215.786255, 93.755722, -50.793892
198.687027, 106.702293, -63.709923
188.305344, 116.778625, -76.854965
190.748093, 127.206108, -90.580154
207.725189, 142.244278, -102.610687
230.366409, 158.106873, -109.603050
247.206100, 176.961838, -109.099236
247.480911, 191.328247, -100.259544
234.396942, 206.961838, -85.664124
212.137405, 223.694656, -68.137405
185.984726, 243.358780, -52.244274
161.206100, 268.503815, -39.938931
144.274811, 295.343506, -33.847328
130.564880, 321.343506, -33.496181
111.587784, 343.374054, -36.198475
85.496185, 357.435120, -43.007633
57.541985, 362.656494, -50.885498
26.671755, 357.923676, -63.312977
-3.053435, 341.847321, -77.343513
-37.801525, 316.549622, -95.251907
-73.832062, 287.236633, -117.267174
-114.412216, 255.954193, -146.229004
-161.236649, 228.748093, -178.229004
-209.099243, 197.877869, -204.580154
-252.809158, 163.267181, -234.412216
-293.129761, 124.748093, -263.099243
-331.328247, 84.152672, -290.213745
-365.679382, 43.053436, -315.236633
-400.366425, 2.610687, -338.916016
-419.923676, -36.809162, -359.832062
-429.847321, -73.740456, -374.702301
-438.992371, -104.229004, -386.259552
-444.106873, -126.916031, -392.320618
-448.977112, -143.755722, -395.099243
-447.160309, -154.595413, -393.419861
-439.664124, -162.778625, -388.992371
-421.572510, -169.160309, -380.870239
-394.916016, -175.160309, -368.366425
-346.442749, -185.068695, -360.152679
-281.328247, -195.862595, -343.114502
-215.862595, -217.740463, -311.862610
-152.625961, -227.450378, -296.610687
-89.770996, -229.374039, -261.419861
-33.526718, -221.618317, -220.061066
18.045801, -198.183212, -171.114502
65.404579, -168.717560, -119.648857
113.053436, -142.396942, -70.259544
173.618317, -123.358780, -19.572519
234.687027, -108.320610, 25.893129
297.404572, -99.114502, 68.748093
350.061066, -90.793892, 108.000000
390.167938, -78.671753, 140.916031
423.832062, -63.694656, 166.351151
451.297699, -46.167938, 186.229004
473.816803, -30.259542, 195.145035
494.152679, -21.328245, 201.755722
500.259552, -21.801527, 205.541992
500.259552, -37.236641, 206.183212
500.259552, -56.977100, 204.061066
500.259552, -77.908394, 199.129776
500.259552, -92.564888, 191.801529
499.267181, -99.633591, 177.267181
482.503815, -101.694656, 161.083969
463.251923, -101.450378, 143.297714
432.152679, -100.916031, 125.603050
395.206116, -98.213737, 107.251907
355.007629, -87.374046, 86.916031
314.045807, -67.221375, 63.648853
273.007629, -37.328243, 35.786259
229.267181, 0.916031, 7.160306
190.503815, 41.251907, -21.496183
149.282440, 80.488548, -49.511452
105.740456, 114.106873, -75.770996
63.557251, 142.000000, -98.183205
27.007633, 166.198471, -116.152672
-7.770992, 192.748093, -129.679382
-34.717556, 224.366409, -145.221375
-52.290077, 258.641235, -166.839691
-64.549622, 290.900757, -192.793900
-79.114502, 316.824432, -220.412216
-97.328247, 332.595428, -247.114502
-121.709923, 342.564880, -268.717560
-151.603058, 342.717560, -285.282440
-183.083969, 338.244263, -296.030548
-209.526718, 337.725189, -302.351135
-226.717560, 340.503815, -308.625946
-237.694656, 346.030548, -314.854950
-260.335876, 352.610687, -315.282440
-284.473297, 329.618317, -314.839691
-313.160309, 312.305328, -315.954193
-330.076324, 283.053436, -317.709930
-346.870239, 235.847336, -320.885498
-354.717560, 183.618317, -326.488556
-356.763367, 136.931305, -334.320618
-356.061066, 84.671753, -342.748077
-352.000000, 37.984734, -351.389313
-344.229004, -15.786260, -357.862610
-334.305328, -62.961834, -362.687012
-325.389313, -105.664124, -364.870239
-316.305328, -141.435120, -366.122131
-305.603058, -168.595413, -366.519073
-290.824432, -187.404587, -365.374054
-272.488556, -205.679382, -364.427490
-256.427490, -225.083969, -359.435120
-217.114502, -236.748093, -352.687012
-183.908401, -257.816803, -345.251923
-146.259537, -279.847321, -332.091614
-104.839691, -299.450378, -315.083984
-61.236641, -316.702301, -294.488556
-16.030535, -331.938934, -271.007629
28.916031, -337.893127, -243.511444
66.656487, -318.854950, -219.419846
136.687027, -325.328247, -177.419846
201.068695, -308.595428, -139.419846
267.145050, -290.824432, -97.969467
322.519073, -271.175568, -52.015266
362.274811, -248.610687, -3.374046
391.984741, -221.648849, 44.213741
416.305328, -193.511444, 88.015266
442.396942, -162.839691, 124.198471
463.419861, -131.969467, 152.473282
478.809174, -104.366409, 171.923660
488.396942, -74.091606, 183.114502
492.625946, -45.587788, 185.847336
491.190826, -19.587786, 181.419846
483.664124, -0.244275, 172.061066
473.221375, 6.381680, 158.000000
457.587799, 5.206107, 141.755722
437.938934, -5.709924, 122.809158
416.061066, -20.610687, 102.610687
391.832062, -36.351147, 81.160309
366.229004, -50.396946, 60.259541
335.633575, -56.396946, 38.030533
304.931305, -60.961834, 18.213741
260.931305, -49.160305, -1.954198
217.572525, -41.419846, -18.793894
169.251907, -35.786259, -33.618320
115.190842, -30.351145, -46.748093
62.839695, -28.793894, -58.045803
13.969465, -27.282442, -67.725189
-31.267176, -28.015266, -78.564888
-65.145035, -26.564886, -88.122139
-90.152672, -20.595419, -96.824425
-111.404579, -11.969465, -106.335876
-129.145035, -1.664122, -112.580154
-144.229004, 8.580153, -118.854965
-153.129776, 12.961832, -123.312981
-159.221375, 12.671756, -127.175575
-159.923660, 9.389313, -131.770996
-153.679382, 13.404580, -138.122131
-136.977097, 28.335878, -147.847336
-113.328247, 54.488548, -157.755722
-83.053436, 86.488548, -167.083969
-55.725189, 124.366409, -169.175568
-33.053436, 161.404587, -185.343506
-18.839695, 188.106873, -154.442749
1.160305, 206.305344, -135.908401
31.633587, 207.908401, -113.114502
76.290077, 209.038162, -86.534348
131.480911, 208.778625, -58.152672
189.114502, 205.740463, -28.870230
241.343506, 203.694656, 1.679389
286.305328, 197.786255, 30.396946
324.656494, 191.358780, 57.190838
355.328247, 179.007629, 79.557251
380.015259, 166.106873, 96.839691
397.847321, 148.961838, 112.595421
407.190826, 133.603058, 121.282440
399.419861, 120.015266, 128.793900
388.045807, 102.916031, 132.610687
369.664124, 83.129768, 134.641220
342.229004, 62.610687, 132.946564
311.526703, 43.450382, 129.160309
274.122131, 28.030535, 122.717560
228.259537, 14.167939, 111.511452
168.106873, 4.824428, 102.473282
102.396950, -6.366412, 90.229004
27.679390, -17.160305, 80.061066
-45.984734, -26.854961, 65.648857
-117.114502, -35.587788, 47.541985
-189.938934, -41.068703, 30.503817
-261.175568, -47.053436, 11.465649
-332.717560, -48.061069, -5.450382
-398.854950, -47.175571, -23.068703
-462.106873, -42.732826, -40.076336
-500.274811, -40.809162, -58.137405
-500.274811, -40.351147, -74.595421
-500.274811, -44.671757, -90.259544
-500.274811, -50.702290, -101.007637
-500.274811, -59.893131, -112.427483
-500.274811, -69.022903, -118.763359
-500.274811, -79.862595, -127.297707
-500.274811, -90.549622, -132.458008
-500.274811, -99.450378, -132.961838
-500.274811, -107.557251, -131.664124
-500.274811, -115.587784, -128.488556
-495.221375, -121.358780, -123.648857
-454.793884, -126.396950, -117.648857
-407.694672, -131.221375, -110.274811
-354.763367, -135.038162, -102.335876
-297.709930, -136.824432, -93.664124
-236.961838, -135.679382, -84.244278
-171.709930, -131.633591, -73.526718
-106.381676, -122.946564, -60.946564
-42.106869, -112.000000, -46.473282
